{
  "sensorData": {
  "resourceId": "afc_node_0100_0",
  "resourceType": "soil",
  "resourceUrn": "urn:afc:AS03:cropsManagement:RISE:soil:afc_node_0100_0",
  "latitude": 57.9202195,
  "longitude": 16.4001396,
  "altitude": -0.3,
  "preprocessing": false,
  "pythonScript": "",
  "resultTime": 1583311439683,
  "observations": [
    {
      "observedProperty": "electrical_conductivity_bulk",
      "uom": "http://qudt.org/vocab/unit/S-PER-M",
      "min_value": 0.0,
      "max_value": 2.0,
      "accuracy": 1.0E-4
    },
    {
      "observedProperty": "electrical_conductivity_pores",
      "uom": "http://qudt.org/vocab/unit/S-PER-M",
      "min_value": 0.0,
      "max_value": 1000.0,
      "accuracy": 1.0E-4
    },
    {
      "observedProperty": "temperature_teros12",
      "uom": "http://qudt.org/vocab/unit/DEG_C",
      "min_value": -40.0,
      "max_value": 60.0,
      "accuracy": 0.1
    },
    {
      "observedProperty": "volumetric_water_content_mineral_soil",
      "uom": "http://qudt.org/vocab/unit/PERCENT",
      "min_value": 0.0,
      "max_value": 100.0,
      "accuracy": 0.1
    },
    {
      "observedProperty": "relative_dielectric_constant",
      "uom": "http://qudt.org/vocab/unit/UNITLESS",
      "min_value": 0.0,
      "max_value": 100.0,
      "accuracy": 0.01
    },
    {
      "observedProperty": "soil_matrix_potential",
      "uom": "http://qudt.org/vocab/unit/KiloPA",
      "min_value": -2000.0,
      "max_value": -9.0,
      "accuracy": 0.1
    },
    {
      "observedProperty": "temperature_teros21",
      "uom": "http://qudt.org/vocab/unit/DEG_C",
      "min_value": -40.0,
      "max_value": 60.0,
      "accuracy": 0.1
    },
    {
      "observedProperty": "battery",
      "uom": "http://qudt.org/vocab/unit/V",
      "min_value": 0.0,
      "max_value": 10.0,
      "accuracy": 0.01
    }
  ],
  "supportedProtocol": "MQTT",
  "hardwareVersion": "0100",
  "softwareVersion": "",
  "firmwareVersion": "Rev.23"
},
  "multiVariableObservationData": {
  "resourceId": "urn:afc:AS03:cropsManagement:RISE:soil:afc_node_0100_0",
  "sequenceNumber": 57898,  
  "observations": [
    {
      "observedProperty": "battery",
      "resultTime": 1583311439683,
      "result": {
        "value": 0.05210000000000001
      }
    },
    {
      "observedProperty": "electrical_conductivity_bulk",
      "resultTime": 1583311439683,
      "result": {
        "value": 0.05210000000000001
      }
    },
    {
      "observedProperty": "electrical_conductivity_pores",
      "resultTime": 1583311439683,
      "result": {
        "value": 0.20650000000000002
      }
    },
    {
      "observedProperty": "temperature_teros12",
      "resultTime": 1583311439683,
      "result": {
        "value": 3.5
      }
    },
    {
      "observedProperty": "temperature_teros21",
      "resultTime": 1583311439683,
      "result": {
        "value": 3.6
      }
    },
    {
      "observedProperty": "volumetric_water_content_mineral_soil",
      "resultTime": 1583311439683,
      "result": {
        "value": 42.870000000000005
      }
    },
    {
      "observedProperty": "relative_dielectric_constant",
      "resultTime": 1583311439683,
      "result": {
        "value": 25.9
      }
    },
    {
      "observedProperty": "soil_matrix_potential",
      "resultTime": 1583311439683,
      "result": {
        "value": -8
      }
    }
  ]
}
}